;Well;Fluor;Target;Content;Sample;Cq;SQ
;A01;FAM;Hprt1;Unkn;7d WT 1µM control peptide + 3µg/ml poly IC;28,93;
;A02;FAM;Pum1;Unkn;7d WT 1µM control peptide + 3µg/ml poly IC;31,39;
;A03;FAM;Tbp;Unkn;7d WT 1µM control peptide + 3µg/ml poly IC;32,08;
;A04;FAM;Il6;Unkn;7d WT 1µM control peptide + 3µg/ml poly IC;23,50;
;A05;FAM;Il8;Unkn;7d WT 1µM control peptide + 3µg/ml poly IC;37,09;
;A06;FAM;Runx2;Unkn;7d WT 1µM control peptide + 3µg/ml poly IC;31,22;
;A07;FAM;Sparc;Unkn;7d WT 1µM control peptide + 3µg/ml poly IC;25,16;
;A08;FAM;Spp1;Unkn;7d WT 1µM control peptide + 3µg/ml poly IC;20,29;
;A09;FAM;Sp7;Unkn;7d WT 1µM control peptide + 3µg/ml poly IC;37,96;
;A10;FAM;Bmp2;Unkn;7d WT 1µM control peptide + 3µg/ml poly IC;32,74;
;A11;FAM;Hprt1;NTC;NT;;
;A12;FAM;Sp7;NTC;NT;;
;B01;FAM;Hprt1;Unkn;7d WT 1µM control peptide + 3µg/ml poly IC;29,08;
;B02;FAM;Pum1;Unkn;7d WT 1µM control peptide + 3µg/ml poly IC;31,50;
;B03;FAM;Tbp;Unkn;7d WT 1µM control peptide + 3µg/ml poly IC;32,05;
;B04;FAM;Il6;Unkn;7d WT 1µM control peptide + 3µg/ml poly IC;23,58;
;B05;FAM;Il8;Unkn;7d WT 1µM control peptide + 3µg/ml poly IC;36,59;
;B06;FAM;Runx2;Unkn;7d WT 1µM control peptide + 3µg/ml poly IC;31,18;
;B07;FAM;Sparc;Unkn;7d WT 1µM control peptide + 3µg/ml poly IC;25,20;
;B08;FAM;Spp1;Unkn;7d WT 1µM control peptide + 3µg/ml poly IC;20,35;
;B09;FAM;Sp7;Unkn;7d WT 1µM control peptide + 3µg/ml poly IC;37,93;
;B10;FAM;Bmp2;Unkn;7d WT 1µM control peptide + 3µg/ml poly IC;33,09;
;B11;FAM;Pum1;NTC;NT;;
;B12;FAM;Bmp2;NTC;NT;;
;C01;FAM;Hprt1;Unkn;7d WT 1µM control peptide + 3µg/ml poly IC;29,39;
;C02;FAM;Pum1;Unkn;7d WT 1µM control peptide + 3µg/ml poly IC;33,05;
;C03;FAM;Tbp;Unkn;7d WT 1µM control peptide + 3µg/ml poly IC;32,28;
;C04;FAM;Il6;Unkn;7d WT 1µM control peptide + 3µg/ml poly IC;23,93;
;C05;FAM;Il8;Unkn;7d WT 1µM control peptide + 3µg/ml poly IC;35,47;
;C06;FAM;Runx2;Unkn;7d WT 1µM control peptide + 3µg/ml poly IC;32,05;
;C07;FAM;Sparc;Unkn;7d WT 1µM control peptide + 3µg/ml poly IC;26,47;
;C08;FAM;Spp1;Unkn;7d WT 1µM control peptide + 3µg/ml poly IC;20,97;
;C09;FAM;Sp7;Unkn;7d WT 1µM control peptide + 3µg/ml poly IC;;
;C10;FAM;Bmp2;Unkn;7d WT 1µM control peptide + 3µg/ml poly IC;33,22;
;C11;FAM;Tbp;NTC;NT;;
;D01;FAM;Hprt1;Unkn;7d WT 1µM control peptide + 3µg/ml poly IC;29,61;
;D02;FAM;Pum1;Unkn;7d WT 1µM control peptide + 3µg/ml poly IC;33,56;
;D03;FAM;Tbp;Unkn;7d WT 1µM control peptide + 3µg/ml poly IC;32,67;
;D04;FAM;Il6;Unkn;7d WT 1µM control peptide + 3µg/ml poly IC;23,91;
;D05;FAM;Il8;Unkn;7d WT 1µM control peptide + 3µg/ml poly IC;37,23;
;D06;FAM;Runx2;Unkn;7d WT 1µM control peptide + 3µg/ml poly IC;;
;D07;FAM;Sparc;Unkn;7d WT 1µM control peptide + 3µg/ml poly IC;26,48;
;D08;FAM;Spp1;Unkn;7d WT 1µM control peptide + 3µg/ml poly IC;20,89;
;D09;FAM;Sp7;Unkn;7d WT 1µM control peptide + 3µg/ml poly IC;38,98;
;D10;FAM;Bmp2;Unkn;7d WT 1µM control peptide + 3µg/ml poly IC;33,29;
;D11;FAM;Il6;NTC;NT;;
;E01;FAM;Hprt1;Unkn;7d JAX 1µM Pepinh-Trif + 3µg/ml polyIC;29,23;
;E02;FAM;Pum1;Unkn;7d JAX 1µM Pepinh-Trif + 3µg/ml polyIC;31,86;
;E03;FAM;Tbp;Unkn;7d JAX 1µM Pepinh-Trif + 3µg/ml polyIC;32,38;
;E04;FAM;Il6;Unkn;7d JAX 1µM Pepinh-Trif + 3µg/ml polyIC;33,44;
;E05;FAM;Il8;Unkn;7d JAX 1µM Pepinh-Trif + 3µg/ml polyIC;38,40;
;E06;FAM;Runx2;Unkn;7d JAX 1µM Pepinh-Trif + 3µg/ml polyIC;32,26;
;E07;FAM;Sparc;Unkn;7d JAX 1µM Pepinh-Trif + 3µg/ml polyIC;24,81;
;E08;FAM;Spp1;Unkn;7d JAX 1µM Pepinh-Trif + 3µg/ml polyIC;20,32;
;E09;FAM;Sp7;Unkn;7d JAX 1µM Pepinh-Trif + 3µg/ml polyIC;37,79;
;E10;FAM;Bmp2;Unkn;7d JAX 1µM Pepinh-Trif + 3µg/ml polyIC;36,68;
;E11;FAM;Il8;NTC;NT;;
;F01;FAM;Hprt1;Unkn;7d JAX 1µM Pepinh-Trif + 3µg/ml polyIC;29,39;
;F02;FAM;Pum1;Unkn;7d JAX 1µM Pepinh-Trif + 3µg/ml polyIC;32,26;
;F03;FAM;Tbp;Unkn;7d JAX 1µM Pepinh-Trif + 3µg/ml polyIC;32,65;
;F04;FAM;Il6;Unkn;7d JAX 1µM Pepinh-Trif + 3µg/ml polyIC;33,85;
;F05;FAM;Il8;Unkn;7d JAX 1µM Pepinh-Trif + 3µg/ml polyIC;37,63;
;F06;FAM;Runx2;Unkn;7d JAX 1µM Pepinh-Trif + 3µg/ml polyIC;31,98;
;F07;FAM;Sparc;Unkn;7d JAX 1µM Pepinh-Trif + 3µg/ml polyIC;24,86;
;F08;FAM;Spp1;Unkn;7d JAX 1µM Pepinh-Trif + 3µg/ml polyIC;20,35;
;F09;FAM;Sp7;Unkn;7d JAX 1µM Pepinh-Trif + 3µg/ml polyIC;37,32;
;F10;FAM;Bmp2;Unkn;7d JAX 1µM Pepinh-Trif + 3µg/ml polyIC;36,16;
;F11;FAM;Runx2;NTC;NT;;
;G01;FAM;Hprt1;Unkn;7d JAX 1µM Pepinh-Trif + 3µg/ml polyIC;29,80;
;G02;FAM;Pum1;Unkn;7d JAX 1µM Pepinh-Trif + 3µg/ml polyIC;33,62;
;G03;FAM;Tbp;Unkn;7d JAX 1µM Pepinh-Trif + 3µg/ml polyIC;33,10;
;G04;FAM;Il6;Unkn;7d JAX 1µM Pepinh-Trif + 3µg/ml polyIC;33,90;
;G05;FAM;Il8;Unkn;7d JAX 1µM Pepinh-Trif + 3µg/ml polyIC;39,22;
;G06;FAM;Runx2;Unkn;7d JAX 1µM Pepinh-Trif + 3µg/ml polyIC;33,06;
;G07;FAM;Sparc;Unkn;7d JAX 1µM Pepinh-Trif + 3µg/ml polyIC;25,63;
;G08;FAM;Spp1;Unkn;7d JAX 1µM Pepinh-Trif + 3µg/ml polyIC;20,48;
;G09;FAM;Sp7;Unkn;7d JAX 1µM Pepinh-Trif + 3µg/ml polyIC;39,11;
;G10;FAM;Bmp2;Unkn;7d JAX 1µM Pepinh-Trif + 3µg/ml polyIC;37,49;
;G11;FAM;Sparc;NTC;NT;;
;H01;FAM;Hprt1;Unkn;7d JAX 1µM Pepinh-Trif + 3µg/ml polyIC;29,90;
;H02;FAM;Pum1;Unkn;7d JAX 1µM Pepinh-Trif + 3µg/ml polyIC;33,49;
;H03;FAM;Tbp;Unkn;7d JAX 1µM Pepinh-Trif + 3µg/ml polyIC;33,01;
;H04;FAM;Il6;Unkn;7d JAX 1µM Pepinh-Trif + 3µg/ml polyIC;34,03;
;H05;FAM;Il8;Unkn;7d JAX 1µM Pepinh-Trif + 3µg/ml polyIC;36,75;
;H06;FAM;Runx2;Unkn;7d JAX 1µM Pepinh-Trif + 3µg/ml polyIC;33,12;
;H07;FAM;Sparc;Unkn;7d JAX 1µM Pepinh-Trif + 3µg/ml polyIC;25,81;
;H08;FAM;Spp1;Unkn;7d JAX 1µM Pepinh-Trif + 3µg/ml polyIC;20,50;
;H09;FAM;Sp7;Unkn;7d JAX 1µM Pepinh-Trif + 3µg/ml polyIC;37,56;
;H10;FAM;Bmp2;Unkn;7d JAX 1µM Pepinh-Trif + 3µg/ml polyIC;37,01;
;H11;FAM;Spp1;NTC;NT;;
