;Well;Fluor;Target;Content;Sample;Cq;SQ
;A01;FAM;Hprt1;Unkn;7d JAX 1µM Pepinh-Trif + 100ng/ml poly IC Lyovec;28,80;
;A02;FAM;Pum1;Unkn;7d JAX 1µM Pepinh-Trif + 100ng/ml poly IC Lyovec;31,53;
;A03;FAM;Tbp;Unkn;7d JAX 1µM Pepinh-Trif + 100ng/ml poly IC Lyovec;32,10;
;A04;FAM;Il6;Unkn;7d JAX 1µM Pepinh-Trif + 100ng/ml poly IC Lyovec;34,17;
;A05;FAM;Il8;Unkn;7d JAX 1µM Pepinh-Trif + 100ng/ml poly IC Lyovec;;
;A06;FAM;Runx2;Unkn;7d JAX 1µM Pepinh-Trif + 100ng/ml poly IC Lyovec;31,26;
;A07;FAM;Sparc;Unkn;7d JAX 1µM Pepinh-Trif + 100ng/ml poly IC Lyovec;24,24;
;A08;FAM;Spp1;Unkn;7d JAX 1µM Pepinh-Trif + 100ng/ml poly IC Lyovec;22,70;
;A09;FAM;Sp7;Unkn;7d JAX 1µM Pepinh-Trif + 100ng/ml poly IC Lyovec;37,87;
;A10;FAM;Bmp2;Unkn;7d JAX 1µM Pepinh-Trif + 100ng/ml poly IC Lyovec;36,38;
;A11;FAM;Hprt1;NTC;NT;;
;A12;FAM;Sp7;NTC;NT;;
;B01;FAM;Hprt1;Unkn;7d JAX 1µM Pepinh-Trif + 100ng/ml poly IC Lyovec;28,86;
;B02;FAM;Pum1;Unkn;7d JAX 1µM Pepinh-Trif + 100ng/ml poly IC Lyovec;31,47;
;B03;FAM;Tbp;Unkn;7d JAX 1µM Pepinh-Trif + 100ng/ml poly IC Lyovec;32,40;
;B04;FAM;Il6;Unkn;7d JAX 1µM Pepinh-Trif + 100ng/ml poly IC Lyovec;33,98;
;B05;FAM;Il8;Unkn;7d JAX 1µM Pepinh-Trif + 100ng/ml poly IC Lyovec;;
;B06;FAM;Runx2;Unkn;7d JAX 1µM Pepinh-Trif + 100ng/ml poly IC Lyovec;31,04;
;B07;FAM;Sparc;Unkn;7d JAX 1µM Pepinh-Trif + 100ng/ml poly IC Lyovec;24,30;
;B08;FAM;Spp1;Unkn;7d JAX 1µM Pepinh-Trif + 100ng/ml poly IC Lyovec;22,65;
;B09;FAM;Sp7;Unkn;7d JAX 1µM Pepinh-Trif + 100ng/ml poly IC Lyovec;36,42;
;B10;FAM;Bmp2;Unkn;7d JAX 1µM Pepinh-Trif + 100ng/ml poly IC Lyovec;36,62;
;B11;FAM;Pum1;NTC;NT;;
;B12;FAM;Bmp2;NTC;NT;;
;C01;FAM;Hprt1;Unkn;7d JAX 1µM control peptide + 100ng/ml polyIC Lyovec;28,93;
;C02;FAM;Pum1;Unkn;7d JAX 1µM control peptide + 100ng/ml polyIC Lyovec;31,97;
;C03;FAM;Tbp;Unkn;7d JAX 1µM control peptide + 100ng/ml polyIC Lyovec;32,35;
;C04;FAM;Il6;Unkn;7d JAX 1µM control peptide + 100ng/ml polyIC Lyovec;34,64;
;C05;FAM;Il8;Unkn;7d JAX 1µM control peptide + 100ng/ml polyIC Lyovec;38,51;
;C06;FAM;Runx2;Unkn;7d JAX 1µM control peptide + 100ng/ml polyIC Lyovec;31,56;
;C07;FAM;Sparc;Unkn;7d JAX 1µM control peptide + 100ng/ml polyIC Lyovec;24,55;
;C08;FAM;Spp1;Unkn;7d JAX 1µM control peptide + 100ng/ml polyIC Lyovec;22,96;
;C09;FAM;Sp7;Unkn;7d JAX 1µM control peptide + 100ng/ml polyIC Lyovec;38,29;
;C10;FAM;Bmp2;Unkn;7d JAX 1µM control peptide + 100ng/ml polyIC Lyovec;36,21;
;C11;FAM;Tbp;NTC;NT;;
;D01;FAM;Hprt1;Unkn;7d JAX 1µM control peptide + 100ng/ml polyIC Lyovec;28,93;
;D02;FAM;Pum1;Unkn;7d JAX 1µM control peptide + 100ng/ml polyIC Lyovec;32,21;
;D03;FAM;Tbp;Unkn;7d JAX 1µM control peptide + 100ng/ml polyIC Lyovec;32,27;
;D04;FAM;Il6;Unkn;7d JAX 1µM control peptide + 100ng/ml polyIC Lyovec;35,71;
;D05;FAM;Il8;Unkn;7d JAX 1µM control peptide + 100ng/ml polyIC Lyovec;;
;D06;FAM;Runx2;Unkn;7d JAX 1µM control peptide + 100ng/ml polyIC Lyovec;31,52;
;D07;FAM;Sparc;Unkn;7d JAX 1µM control peptide + 100ng/ml polyIC Lyovec;24,49;
;D08;FAM;Spp1;Unkn;7d JAX 1µM control peptide + 100ng/ml polyIC Lyovec;22,85;
;D09;FAM;Sp7;Unkn;7d JAX 1µM control peptide + 100ng/ml polyIC Lyovec;37,43;
;D10;FAM;Bmp2;Unkn;7d JAX 1µM control peptide + 100ng/ml polyIC Lyovec;36,82;
;D11;FAM;Il6;NTC;NT;;
;E01;FAM;Hprt1;Unkn;7d JAX 1µM control peptide + 100ng/ml polyIC Lyovec;28,56;
;E02;FAM;Pum1;Unkn;7d JAX 1µM control peptide + 100ng/ml polyIC Lyovec;31,53;
;E03;FAM;Tbp;Unkn;7d JAX 1µM control peptide + 100ng/ml polyIC Lyovec;31,93;
;E04;FAM;Il6;Unkn;7d JAX 1µM control peptide + 100ng/ml polyIC Lyovec;32,90;
;E05;FAM;Il8;Unkn;7d JAX 1µM control peptide + 100ng/ml polyIC Lyovec;37,47;
;E06;FAM;Runx2;Unkn;7d JAX 1µM control peptide + 100ng/ml polyIC Lyovec;31,31;
;E07;FAM;Sparc;Unkn;7d JAX 1µM control peptide + 100ng/ml polyIC Lyovec;24,00;
;E08;FAM;Spp1;Unkn;7d JAX 1µM control peptide + 100ng/ml polyIC Lyovec;22,43;
;E09;FAM;Sp7;Unkn;7d JAX 1µM control peptide + 100ng/ml polyIC Lyovec;36,39;
;E10;FAM;Bmp2;Unkn;7d JAX 1µM control peptide + 100ng/ml polyIC Lyovec;35,99;
;E11;FAM;Il8;NTC;NT;;
;F01;FAM;Hprt1;Unkn;7d JAX 1µM control peptide + 100ng/ml polyIC Lyovec;28,86;
;F02;FAM;Pum1;Unkn;7d JAX 1µM control peptide + 100ng/ml polyIC Lyovec;31,95;
;F03;FAM;Tbp;Unkn;7d JAX 1µM control peptide + 100ng/ml polyIC Lyovec;32,00;
;F04;FAM;Il6;Unkn;7d JAX 1µM control peptide + 100ng/ml polyIC Lyovec;33,47;
;F05;FAM;Il8;Unkn;7d JAX 1µM control peptide + 100ng/ml polyIC Lyovec;38,58;
;F06;FAM;Runx2;Unkn;7d JAX 1µM control peptide + 100ng/ml polyIC Lyovec;31,32;
;F07;FAM;Sparc;Unkn;7d JAX 1µM control peptide + 100ng/ml polyIC Lyovec;24,09;
;F08;FAM;Spp1;Unkn;7d JAX 1µM control peptide + 100ng/ml polyIC Lyovec;22,47;
;F09;FAM;Sp7;Unkn;7d JAX 1µM control peptide + 100ng/ml polyIC Lyovec;37,06;
;F10;FAM;Bmp2;Unkn;7d JAX 1µM control peptide + 100ng/ml polyIC Lyovec;35,99;
;F11;FAM;Runx2;NTC;NT;;
;G01;FAM;Hprt1;Unkn;7d JAX 1µM control peptide + 100ng/ml polyIC Lyovec;28,74;
;G02;FAM;Pum1;Unkn;7d JAX 1µM control peptide + 100ng/ml polyIC Lyovec;31,71;
;G03;FAM;Tbp;Unkn;7d JAX 1µM control peptide + 100ng/ml polyIC Lyovec;31,94;
;G04;FAM;Il6;Unkn;7d JAX 1µM control peptide + 100ng/ml polyIC Lyovec;34,12;
;G05;FAM;Il8;Unkn;7d JAX 1µM control peptide + 100ng/ml polyIC Lyovec;38,63;
;G06;FAM;Runx2;Unkn;7d JAX 1µM control peptide + 100ng/ml polyIC Lyovec;31,21;
;G07;FAM;Sparc;Unkn;7d JAX 1µM control peptide + 100ng/ml polyIC Lyovec;24,17;
;G08;FAM;Spp1;Unkn;7d JAX 1µM control peptide + 100ng/ml polyIC Lyovec;22,29;
;G09;FAM;Sp7;Unkn;7d JAX 1µM control peptide + 100ng/ml polyIC Lyovec;39,32;
;G10;FAM;Bmp2;Unkn;7d JAX 1µM control peptide + 100ng/ml polyIC Lyovec;35,73;
;G11;FAM;Sparc;NTC;NT;;
;H01;FAM;Hprt1;Unkn;7d JAX 1µM control peptide + 100ng/ml polyIC Lyovec;28,93;
;H02;FAM;Pum1;Unkn;7d JAX 1µM control peptide + 100ng/ml polyIC Lyovec;31,90;
;H03;FAM;Tbp;Unkn;7d JAX 1µM control peptide + 100ng/ml polyIC Lyovec;31,99;
;H04;FAM;Il6;Unkn;7d JAX 1µM control peptide + 100ng/ml polyIC Lyovec;33,66;
;H05;FAM;Il8;Unkn;7d JAX 1µM control peptide + 100ng/ml polyIC Lyovec;38,10;
;H06;FAM;Runx2;Unkn;7d JAX 1µM control peptide + 100ng/ml polyIC Lyovec;31,34;
;H07;FAM;Sparc;Unkn;7d JAX 1µM control peptide + 100ng/ml polyIC Lyovec;24,19;
;H08;FAM;Spp1;Unkn;7d JAX 1µM control peptide + 100ng/ml polyIC Lyovec;22,26;
;H09;FAM;Sp7;Unkn;7d JAX 1µM control peptide + 100ng/ml polyIC Lyovec;36,91;
;H10;FAM;Bmp2;Unkn;7d JAX 1µM control peptide + 100ng/ml polyIC Lyovec;36,57;
;H11;FAM;Spp1;NTC;NT;;
