;Well;Fluor;Target;Content;Sample;Cq;SQ
;A01;FAM;Hprt1;Unkn;7d JAX 1µM control peptide + 3µg/ml poly IC;29,09;
;A02;FAM;Pum1;Unkn;7d JAX 1µM control peptide + 3µg/ml poly IC;31,77;
;A03;FAM;Tbp;Unkn;7d JAX 1µM control peptide + 3µg/ml poly IC;32,58;
;A04;FAM;Il6;Unkn;7d JAX 1µM control peptide + 3µg/ml poly IC;35,00;
;A05;FAM;Il8;Unkn;7d JAX 1µM control peptide + 3µg/ml poly IC;35,54;
;A06;FAM;Runx2;Unkn;7d JAX 1µM control peptide + 3µg/ml poly IC;31,32;
;A07;FAM;Sparc;Unkn;7d JAX 1µM control peptide + 3µg/ml poly IC;24,40;
;A08;FAM;Spp1;Unkn;7d JAX 1µM control peptide + 3µg/ml poly IC;22,39;
;A09;FAM;Sp7;Unkn;7d JAX 1µM control peptide + 3µg/ml poly IC;35,76;
;A10;FAM;Bmp2;Unkn;7d JAX 1µM control peptide + 3µg/ml poly IC;36,76;
;A11;FAM;Hprt1;NTC;NT;;
;A12;FAM;Sp7;NTC;NT;;
;B01;FAM;Hprt1;Unkn;7d JAX 1µM control peptide + 3µg/ml poly IC;29,20;
;B02;FAM;Pum1;Unkn;7d JAX 1µM control peptide + 3µg/ml poly IC;32,02;
;B03;FAM;Tbp;Unkn;7d JAX 1µM control peptide + 3µg/ml poly IC;32,50;
;B04;FAM;Il6;Unkn;7d JAX 1µM control peptide + 3µg/ml poly IC;35,58;
;B05;FAM;Il8;Unkn;7d JAX 1µM control peptide + 3µg/ml poly IC;36,38;
;B06;FAM;Runx2;Unkn;7d JAX 1µM control peptide + 3µg/ml poly IC;31,43;
;B07;FAM;Sparc;Unkn;7d JAX 1µM control peptide + 3µg/ml poly IC;24,49;
;B08;FAM;Spp1;Unkn;7d JAX 1µM control peptide + 3µg/ml poly IC;22,37;
;B09;FAM;Sp7;Unkn;7d JAX 1µM control peptide + 3µg/ml poly IC;36,49;
;B10;FAM;Bmp2;Unkn;7d JAX 1µM control peptide + 3µg/ml poly IC;36,40;
;B11;FAM;Pum1;NTC;NT;;
;B12;FAM;Bmp2;NTC;NT;;
;C01;FAM;Hprt1;Unkn;7d JAX 1µM control peptide + 3µg/ml poly IC;29,17;
;C02;FAM;Pum1;Unkn;7d JAX 1µM control peptide + 3µg/ml poly IC;31,60;
;C03;FAM;Tbp;Unkn;7d JAX 1µM control peptide + 3µg/ml poly IC;32,51;
;C04;FAM;Il6;Unkn;7d JAX 1µM control peptide + 3µg/ml poly IC;34,10;
;C05;FAM;Il8;Unkn;7d JAX 1µM control peptide + 3µg/ml poly IC;35,31;
;C06;FAM;Runx2;Unkn;7d JAX 1µM control peptide + 3µg/ml poly IC;31,17;
;C07;FAM;Sparc;Unkn;7d JAX 1µM control peptide + 3µg/ml poly IC;24,19;
;C08;FAM;Spp1;Unkn;7d JAX 1µM control peptide + 3µg/ml poly IC;22,46;
;C09;FAM;Sp7;Unkn;7d JAX 1µM control peptide + 3µg/ml poly IC;36,11;
;C10;FAM;Bmp2;Unkn;7d JAX 1µM control peptide + 3µg/ml poly IC;37,34;
;C11;FAM;Tbp;NTC;NT;;
;D01;FAM;Hprt1;Unkn;7d JAX 1µM control peptide + 3µg/ml poly IC;29,20;
;D02;FAM;Pum1;Unkn;7d JAX 1µM control peptide + 3µg/ml poly IC;31,69;
;D03;FAM;Tbp;Unkn;7d JAX 1µM control peptide + 3µg/ml poly IC;32,64;
;D04;FAM;Il6;Unkn;7d JAX 1µM control peptide + 3µg/ml poly IC;34,41;
;D05;FAM;Il8;Unkn;7d JAX 1µM control peptide + 3µg/ml poly IC;36,28;
;D06;FAM;Runx2;Unkn;7d JAX 1µM control peptide + 3µg/ml poly IC;31,25;
;D07;FAM;Sparc;Unkn;7d JAX 1µM control peptide + 3µg/ml poly IC;24,15;
;D08;FAM;Spp1;Unkn;7d JAX 1µM control peptide + 3µg/ml poly IC;22,47;
;D09;FAM;Sp7;Unkn;7d JAX 1µM control peptide + 3µg/ml poly IC;35,63;
;D10;FAM;Bmp2;Unkn;7d JAX 1µM control peptide + 3µg/ml poly IC;37,26;
;D11;FAM;Il6;NTC;NT;;
;E01;FAM;Hprt1;Unkn;7d JAX 1µM Pepinh-Trif + 100ng/ml poly IC Lyovec;29,03;
;E02;FAM;Pum1;Unkn;7d JAX 1µM Pepinh-Trif + 100ng/ml poly IC Lyovec;31,31;
;E03;FAM;Tbp;Unkn;7d JAX 1µM Pepinh-Trif + 100ng/ml poly IC Lyovec;32,07;
;E04;FAM;Il6;Unkn;7d JAX 1µM Pepinh-Trif + 100ng/ml poly IC Lyovec;34,01;
;E05;FAM;Il8;Unkn;7d JAX 1µM Pepinh-Trif + 100ng/ml poly IC Lyovec;;
;E06;FAM;Runx2;Unkn;7d JAX 1µM Pepinh-Trif + 100ng/ml poly IC Lyovec;30,78;
;E07;FAM;Sparc;Unkn;7d JAX 1µM Pepinh-Trif + 100ng/ml poly IC Lyovec;23,88;
;E08;FAM;Spp1;Unkn;7d JAX 1µM Pepinh-Trif + 100ng/ml poly IC Lyovec;22,25;
;E09;FAM;Sp7;Unkn;7d JAX 1µM Pepinh-Trif + 100ng/ml poly IC Lyovec;36,77;
;E10;FAM;Bmp2;Unkn;7d JAX 1µM Pepinh-Trif + 100ng/ml poly IC Lyovec;36,93;
;E11;FAM;Il8;NTC;NT;;
;F01;FAM;Hprt1;Unkn;7d JAX 1µM Pepinh-Trif + 100ng/ml poly IC Lyovec;29,09;
;F02;FAM;Pum1;Unkn;7d JAX 1µM Pepinh-Trif + 100ng/ml poly IC Lyovec;31,48;
;F03;FAM;Tbp;Unkn;7d JAX 1µM Pepinh-Trif + 100ng/ml poly IC Lyovec;32,12;
;F04;FAM;Il6;Unkn;7d JAX 1µM Pepinh-Trif + 100ng/ml poly IC Lyovec;33,70;
;F05;FAM;Il8;Unkn;7d JAX 1µM Pepinh-Trif + 100ng/ml poly IC Lyovec;37,75;
;F06;FAM;Runx2;Unkn;7d JAX 1µM Pepinh-Trif + 100ng/ml poly IC Lyovec;31,01;
;F07;FAM;Sparc;Unkn;7d JAX 1µM Pepinh-Trif + 100ng/ml poly IC Lyovec;23,98;
;F08;FAM;Spp1;Unkn;7d JAX 1µM Pepinh-Trif + 100ng/ml poly IC Lyovec;22,33;
;F09;FAM;Sp7;Unkn;7d JAX 1µM Pepinh-Trif + 100ng/ml poly IC Lyovec;36,34;
;F10;FAM;Bmp2;Unkn;7d JAX 1µM Pepinh-Trif + 100ng/ml poly IC Lyovec;36,12;
;F11;FAM;Runx2;NTC;NT;;
;G01;FAM;Hprt1;Unkn;7d JAX 1µM Pepinh-Trif + 100ng/ml poly IC Lyovec;29,05;
;G02;FAM;Pum1;Unkn;7d JAX 1µM Pepinh-Trif + 100ng/ml poly IC Lyovec;31,71;
;G03;FAM;Tbp;Unkn;7d JAX 1µM Pepinh-Trif + 100ng/ml poly IC Lyovec;32,15;
;G04;FAM;Il6;Unkn;7d JAX 1µM Pepinh-Trif + 100ng/ml poly IC Lyovec;33,29;
;G05;FAM;Il8;Unkn;7d JAX 1µM Pepinh-Trif + 100ng/ml poly IC Lyovec;38,22;
;G06;FAM;Runx2;Unkn;7d JAX 1µM Pepinh-Trif + 100ng/ml poly IC Lyovec;31,12;
;G07;FAM;Sparc;Unkn;7d JAX 1µM Pepinh-Trif + 100ng/ml poly IC Lyovec;24,08;
;G08;FAM;Spp1;Unkn;7d JAX 1µM Pepinh-Trif + 100ng/ml poly IC Lyovec;22,66;
;G09;FAM;Sp7;Unkn;7d JAX 1µM Pepinh-Trif + 100ng/ml poly IC Lyovec;37,32;
;G10;FAM;Bmp2;Unkn;7d JAX 1µM Pepinh-Trif + 100ng/ml poly IC Lyovec;35,41;
;G11;FAM;Sparc;NTC;NT;;
;H01;FAM;Hprt1;Unkn;7d JAX 1µM Pepinh-Trif + 100ng/ml poly IC Lyovec;29,17;
;H02;FAM;Pum1;Unkn;7d JAX 1µM Pepinh-Trif + 100ng/ml poly IC Lyovec;31,75;
;H03;FAM;Tbp;Unkn;7d JAX 1µM Pepinh-Trif + 100ng/ml poly IC Lyovec;32,35;
;H04;FAM;Il6;Unkn;7d JAX 1µM Pepinh-Trif + 100ng/ml poly IC Lyovec;34,12;
;H05;FAM;Il8;Unkn;7d JAX 1µM Pepinh-Trif + 100ng/ml poly IC Lyovec;38,86;
;H06;FAM;Runx2;Unkn;7d JAX 1µM Pepinh-Trif + 100ng/ml poly IC Lyovec;31,10;
;H07;FAM;Sparc;Unkn;7d JAX 1µM Pepinh-Trif + 100ng/ml poly IC Lyovec;24,06;
;H08;FAM;Spp1;Unkn;7d JAX 1µM Pepinh-Trif + 100ng/ml poly IC Lyovec;22,64;
;H09;FAM;Sp7;Unkn;7d JAX 1µM Pepinh-Trif + 100ng/ml poly IC Lyovec;38,13;
;H10;FAM;Bmp2;Unkn;7d JAX 1µM Pepinh-Trif + 100ng/ml poly IC Lyovec;37,12;
;H11;FAM;Spp1;NTC;NT;;
