;Well;Fluor;Target;Content;Sample;Cq;SQ
;A01;FAM;Hprt1;Unkn;7d JAX 1µM control peptide + 3µg/ml poly IC;28,97;
;A02;FAM;Pum1;Unkn;7d JAX 1µM control peptide + 3µg/ml poly IC;29,44;
;A03;FAM;Tbp;Unkn;7d JAX 1µM control peptide + 3µg/ml poly IC;31,58;
;A04;FAM;Il6;Unkn;7d JAX 1µM control peptide + 3µg/ml poly IC;29,20;
;A05;FAM;Il8;Unkn;7d JAX 1µM control peptide + 3µg/ml poly IC;34,30;
;A06;FAM;Runx2;Unkn;7d JAX 1µM control peptide + 3µg/ml poly IC;29,73;
;A07;FAM;Sparc;Unkn;7d JAX 1µM control peptide + 3µg/ml poly IC;22,09;
;A08;FAM;Spp1;Unkn;7d JAX 1µM control peptide + 3µg/ml poly IC;20,56;
;A09;FAM;Sp7;Unkn;7d JAX 1µM control peptide + 3µg/ml poly IC;33,79;
;A10;FAM;Bmp2;Unkn;7d JAX 1µM control peptide + 3µg/ml poly IC;33,56;
;A11;FAM;Hprt1;Unkn;NT;;
;A12;FAM;Sp7;Unkn;NT;;
;B01;FAM;Hprt1;Unkn;7d JAX 1µM control peptide + 3µg/ml poly IC;28,94;
;B02;FAM;Pum1;Unkn;7d JAX 1µM control peptide + 3µg/ml poly IC;29,50;
;B03;FAM;Tbp;Unkn;7d JAX 1µM control peptide + 3µg/ml poly IC;31,42;
;B04;FAM;Il6;Unkn;7d JAX 1µM control peptide + 3µg/ml poly IC;29,21;
;B05;FAM;Il8;Unkn;7d JAX 1µM control peptide + 3µg/ml poly IC;34,08;
;B06;FAM;Runx2;Unkn;7d JAX 1µM control peptide + 3µg/ml poly IC;30,02;
;B07;FAM;Sparc;Unkn;7d JAX 1µM control peptide + 3µg/ml poly IC;21,94;
;B08;FAM;Spp1;Unkn;7d JAX 1µM control peptide + 3µg/ml poly IC;20,44;
;B09;FAM;Sp7;Unkn;7d JAX 1µM control peptide + 3µg/ml poly IC;34,07;
;B10;FAM;Bmp2;Unkn;7d JAX 1µM control peptide + 3µg/ml poly IC;34,14;
;B11;FAM;Pum1;Unkn;NT;;
;B12;FAM;Bmp2;Unkn;NT;;
;C01;FAM;Hprt1;Unkn;7d JAX 1µM control peptide + 3µg/ml poly IC;28,56;
;C02;FAM;Pum1;Unkn;7d JAX 1µM control peptide + 3µg/ml poly IC;29,16;
;C03;FAM;Tbp;Unkn;7d JAX 1µM control peptide + 3µg/ml poly IC;31,21;
;C04;FAM;Il6;Unkn;7d JAX 1µM control peptide + 3µg/ml poly IC;28,74;
;C05;FAM;Il8;Unkn;7d JAX 1µM control peptide + 3µg/ml poly IC;34,01;
;C06;FAM;Runx2;Unkn;7d JAX 1µM control peptide + 3µg/ml poly IC;29,38;
;C07;FAM;Sparc;Unkn;7d JAX 1µM control peptide + 3µg/ml poly IC;21,83;
;C08;FAM;Spp1;Unkn;7d JAX 1µM control peptide + 3µg/ml poly IC;20,25;
;C09;FAM;Sp7;Unkn;7d JAX 1µM control peptide + 3µg/ml poly IC;34,02;
;C10;FAM;Bmp2;Unkn;7d JAX 1µM control peptide + 3µg/ml poly IC;33,79;
;C11;FAM;Tbp;Unkn;NT;;
;D01;FAM;Hprt1;Unkn;7d JAX 1µM control peptide + 3µg/ml poly IC;28,72;
;D02;FAM;Pum1;Unkn;7d JAX 1µM control peptide + 3µg/ml poly IC;29,12;
;D03;FAM;Tbp;Unkn;7d JAX 1µM control peptide + 3µg/ml poly IC;31,24;
;D04;FAM;Il6;Unkn;7d JAX 1µM control peptide + 3µg/ml poly IC;28,65;
;D05;FAM;Il8;Unkn;7d JAX 1µM control peptide + 3µg/ml poly IC;33,85;
;D06;FAM;Runx2;Unkn;7d JAX 1µM control peptide + 3µg/ml poly IC;29,47;
;D07;FAM;Sparc;Unkn;7d JAX 1µM control peptide + 3µg/ml poly IC;21,88;
;D08;FAM;Spp1;Unkn;7d JAX 1µM control peptide + 3µg/ml poly IC;20,28;
;D09;FAM;Sp7;Unkn;7d JAX 1µM control peptide + 3µg/ml poly IC;33,58;
;D10;FAM;Bmp2;Unkn;7d JAX 1µM control peptide + 3µg/ml poly IC;33,63;
;D11;FAM;Il6;Unkn;NT;;
;E01;FAM;Hprt1;Unkn;7d JAX 1µM Pepinh-Trif + 100ng/ml poly IC Lyovec;28,45;
;E02;FAM;Pum1;Unkn;7d JAX 1µM Pepinh-Trif + 100ng/ml poly IC Lyovec;29,21;
;E03;FAM;Tbp;Unkn;7d JAX 1µM Pepinh-Trif + 100ng/ml poly IC Lyovec;30,44;
;E04;FAM;Il6;Unkn;7d JAX 1µM Pepinh-Trif + 100ng/ml poly IC Lyovec;33,03;
;E05;FAM;Il8;Unkn;7d JAX 1µM Pepinh-Trif + 100ng/ml poly IC Lyovec;37,72;
;E06;FAM;Runx2;Unkn;7d JAX 1µM Pepinh-Trif + 100ng/ml poly IC Lyovec;29,03;
;E07;FAM;Sparc;Unkn;7d JAX 1µM Pepinh-Trif + 100ng/ml poly IC Lyovec;21,80;
;E08;FAM;Spp1;Unkn;7d JAX 1µM Pepinh-Trif + 100ng/ml poly IC Lyovec;21,25;
;E09;FAM;Sp7;Unkn;7d JAX 1µM Pepinh-Trif + 100ng/ml poly IC Lyovec;34,72;
;E10;FAM;Bmp2;Unkn;7d JAX 1µM Pepinh-Trif + 100ng/ml poly IC Lyovec;34,21;
;E11;FAM;Il8;Unkn;NT;;
;F01;FAM;Hprt1;Unkn;7d JAX 1µM Pepinh-Trif + 100ng/ml poly IC Lyovec;28,35;
;F02;FAM;Pum1;Unkn;7d JAX 1µM Pepinh-Trif + 100ng/ml poly IC Lyovec;29,31;
;F03;FAM;Tbp;Unkn;7d JAX 1µM Pepinh-Trif + 100ng/ml poly IC Lyovec;30,47;
;F04;FAM;Il6;Unkn;7d JAX 1µM Pepinh-Trif + 100ng/ml poly IC Lyovec;33,29;
;F05;FAM;Il8;Unkn;7d JAX 1µM Pepinh-Trif + 100ng/ml poly IC Lyovec;37,99;
;F06;FAM;Runx2;Unkn;7d JAX 1µM Pepinh-Trif + 100ng/ml poly IC Lyovec;29,27;
;F07;FAM;Sparc;Unkn;7d JAX 1µM Pepinh-Trif + 100ng/ml poly IC Lyovec;21,80;
;F08;FAM;Spp1;Unkn;7d JAX 1µM Pepinh-Trif + 100ng/ml poly IC Lyovec;21,10;
;F09;FAM;Sp7;Unkn;7d JAX 1µM Pepinh-Trif + 100ng/ml poly IC Lyovec;34,35;
;F10;FAM;Bmp2;Unkn;7d JAX 1µM Pepinh-Trif + 100ng/ml poly IC Lyovec;34,22;
;F11;FAM;Runx2;Unkn;NT;;
;G01;FAM;Hprt1;Unkn;7d JAX 1µM Pepinh-Trif + 100ng/ml poly IC Lyovec;28,52;
;G02;FAM;Pum1;Unkn;7d JAX 1µM Pepinh-Trif + 100ng/ml poly IC Lyovec;29,04;
;G03;FAM;Tbp;Unkn;7d JAX 1µM Pepinh-Trif + 100ng/ml poly IC Lyovec;30,61;
;G04;FAM;Il6;Unkn;7d JAX 1µM Pepinh-Trif + 100ng/ml poly IC Lyovec;33,10;
;G05;FAM;Il8;Unkn;7d JAX 1µM Pepinh-Trif + 100ng/ml poly IC Lyovec;38,49;
;G06;FAM;Runx2;Unkn;7d JAX 1µM Pepinh-Trif + 100ng/ml poly IC Lyovec;29,30;
;G07;FAM;Sparc;Unkn;7d JAX 1µM Pepinh-Trif + 100ng/ml poly IC Lyovec;21,54;
;G08;FAM;Spp1;Unkn;7d JAX 1µM Pepinh-Trif + 100ng/ml poly IC Lyovec;21,41;
;G09;FAM;Sp7;Unkn;7d JAX 1µM Pepinh-Trif + 100ng/ml poly IC Lyovec;33,70;
;G10;FAM;Bmp2;Unkn;7d JAX 1µM Pepinh-Trif + 100ng/ml poly IC Lyovec;34,83;
;G11;FAM;Sparc;Unkn;NT;39,38;
;H01;FAM;Hprt1;Unkn;7d JAX 1µM Pepinh-Trif + 100ng/ml poly IC Lyovec;28,58;
;H02;FAM;Pum1;Unkn;7d JAX 1µM Pepinh-Trif + 100ng/ml poly IC Lyovec;29,07;
;H03;FAM;Tbp;Unkn;7d JAX 1µM Pepinh-Trif + 100ng/ml poly IC Lyovec;30,61;
;H04;FAM;Il6;Unkn;7d JAX 1µM Pepinh-Trif + 100ng/ml poly IC Lyovec;33,61;
;H05;FAM;Il8;Unkn;7d JAX 1µM Pepinh-Trif + 100ng/ml poly IC Lyovec;37,70;
;H06;FAM;Runx2;Unkn;7d JAX 1µM Pepinh-Trif + 100ng/ml poly IC Lyovec;29,28;
;H07;FAM;Sparc;Unkn;7d JAX 1µM Pepinh-Trif + 100ng/ml poly IC Lyovec;21,83;
;H08;FAM;Spp1;Unkn;7d JAX 1µM Pepinh-Trif + 100ng/ml poly IC Lyovec;21,50;
;H09;FAM;Sp7;Unkn;7d JAX 1µM Pepinh-Trif + 100ng/ml poly IC Lyovec;33,89;
;H10;FAM;Bmp2;Unkn;7d JAX 1µM Pepinh-Trif + 100ng/ml poly IC Lyovec;34,72;
;H11;FAM;Spp1;Unkn;NT;;
